feature_index,start_hms,start_seconds,feature,frame_range
0,00:00:00,0,Intro — joining the server (donutsmp.net),frame_0001.jpg - frame_0008.jpg
1,00:00:21,21,/rtp — random teleport,frame_0022.jpg - frame_0029.jpg
2,00:00:43,43,"/sethome + /homes — set home, rename, delete, change icon",frame_0044.jpg - frame_0051.jpg
3,00:01:27,87,"/pay + /sell — send money, quick-sell items",frame_0088.jpg - frame_0095.jpg
4,00:01:47,107,/ah / /auction — auction house browse & search,frame_0108.jpg - frame_0115.jpg
5,00:02:07,127,/ah — putting your own items up for auction,frame_0128.jpg - frame_0135.jpg
6,00:02:34,154,/orders — fulfilling other players' buy orders,frame_0155.jpg - frame_0162.jpg
7,00:03:04,184,/orders — creating your own buy order,frame_0185.jpg - frame_0192.jpg
8,00:03:51,231,"/settings — chat, PvP, privacy toggles",frame_0232.jpg - frame_0239.jpg
9,00:04:27,267,/msg + /ignore — private messages and ignore list,frame_0268.jpg - frame_0275.jpg
10,00:05:04,304,Outro,frame_0305.jpg - frame_0312.jpg
