frame,time_seconds,time_hms,filename,subtitle
1,0.00,00:00:00,frame_0001.jpg,
2,1.00,00:00:01,frame_0002.jpg,
3,2.00,00:00:02,frame_0003.jpg,This video will show an overview of the commands and settings on the Donut SMP
4,3.00,00:00:03,frame_0004.jpg,This video will show an overview of the commands and settings on the Donut SMP
5,4.00,00:00:04,frame_0005.jpg,This video will show an overview of the commands and settings on the Donut SMP
6,5.00,00:00:05,frame_0006.jpg,commands and settings on the Donut SMP that everyone must know. This is
7,6.00,00:00:06,frame_0007.jpg,commands and settings on the Donut SMP that everyone must know. This is
8,7.00,00:00:07,frame_0008.jpg,that everyone must know. This is especially useful for beginners. And
9,8.00,00:00:08,frame_0009.jpg,that everyone must know. This is especially useful for beginners. And
10,9.00,00:00:09,frame_0010.jpg,"especially useful for beginners. And with that, let's get started."
11,10.00,00:00:10,frame_0011.jpg,"especially useful for beginners. And with that, let's get started."
12,11.00,00:00:11,frame_0012.jpg,"with that, let's get started. All right, for the first things you're"
13,12.00,00:00:12,frame_0013.jpg,"All right, for the first things you're just going to want to join the server."
14,13.00,00:00:13,frame_0014.jpg,"All right, for the first things you're just going to want to join the server."
15,14.00,00:00:14,frame_0015.jpg,"just going to want to join the server. And for any of you wondering, this is"
16,15.00,00:00:15,frame_0016.jpg,"And for any of you wondering, this is the Donut SMP IP."
17,16.00,00:00:16,frame_0017.jpg,"And for any of you wondering, this is the Donut SMP IP."
18,17.00,00:00:17,frame_0018.jpg,"And for any of you wondering, this is the Donut SMP IP."
19,18.00,00:00:18,frame_0019.jpg,the Donut SMP IP. Donut smp.net. Now just join the server.
20,19.00,00:00:19,frame_0020.jpg,the Donut SMP IP. Donut smp.net. Now just join the server.
21,20.00,00:00:20,frame_0021.jpg,the Donut SMP IP. Donut smp.net. Now just join the server.
22,21.00,00:00:21,frame_0022.jpg,Donut smp.net. Now just join the server. And the first command I'll be showing
23,22.00,00:00:22,frame_0023.jpg,And the first command I'll be showing you is the RTP. The most important one.
24,23.00,00:00:23,frame_0024.jpg,And the first command I'll be showing you is the RTP. The most important one.
25,24.00,00:00:24,frame_0025.jpg,you is the RTP. The most important one. This allows you to teleport around the
26,25.00,00:00:25,frame_0026.jpg,you is the RTP. The most important one. This allows you to teleport around the
27,26.00,00:00:26,frame_0027.jpg,This allows you to teleport around the world and if you don't like where you've
28,27.00,00:00:27,frame_0028.jpg,This allows you to teleport around the world and if you don't like where you've
29,28.00,00:00:28,frame_0029.jpg,"world and if you don't like where you've been spawned in, you can just type in"
30,29.00,00:00:29,frame_0030.jpg,"world and if you don't like where you've been spawned in, you can just type in"
31,30.00,00:00:30,frame_0031.jpg,"been spawned in, you can just type in \{{}slash} RTP and just wait a second."
32,31.00,00:00:31,frame_0032.jpg,"been spawned in, you can just type in \{{}slash} RTP and just wait a second."
33,32.00,00:00:32,frame_0033.jpg,"been spawned in, you can just type in \{{}slash} RTP and just wait a second."
34,33.00,00:00:33,frame_0034.jpg,"\{{}slash} RTP and just wait a second. And yeah, it should be teleported"
35,34.00,00:00:34,frame_0035.jpg,"And yeah, it should be teleported somewhere completely random. You can do"
36,35.00,00:00:35,frame_0036.jpg,"And yeah, it should be teleported somewhere completely random. You can do"
37,36.00,00:00:36,frame_0037.jpg,somewhere completely random. You can do this over and over till you like the
38,37.00,00:00:37,frame_0038.jpg,somewhere completely random. You can do this over and over till you like the
39,38.00,00:00:38,frame_0039.jpg,this over and over till you like the spot you're in like or the biome you're
40,39.00,00:00:39,frame_0040.jpg,this over and over till you like the spot you're in like or the biome you're
41,40.00,00:00:40,frame_0041.jpg,spot you're in like or the biome you're in. And yeah.
42,41.00,00:00:41,frame_0042.jpg,spot you're in like or the biome you're in. And yeah.
43,42.00,00:00:42,frame_0043.jpg,spot you're in like or the biome you're in. And yeah.
44,43.00,00:00:43,frame_0044.jpg,"in. And yeah. Now for the next command, this is also a"
45,44.00,00:00:44,frame_0045.jpg,"in. And yeah. Now for the next command, this is also a"
46,45.00,00:00:45,frame_0046.jpg,"Now for the next command, this is also a very important one. As you can see I"
47,46.00,00:00:46,frame_0047.jpg,very important one. As you can see I stood on the obsidian and I set a home.
48,47.00,00:00:47,frame_0048.jpg,very important one. As you can see I stood on the obsidian and I set a home.
49,48.00,00:00:48,frame_0049.jpg,"stood on the obsidian and I set a home. By just typing \{{}slash} set home, you can"
50,49.00,00:00:49,frame_0050.jpg,"stood on the obsidian and I set a home. By just typing \{{}slash} set home, you can"
51,50.00,00:00:50,frame_0051.jpg,"stood on the obsidian and I set a home. By just typing \{{}slash} set home, you can"
52,51.00,00:00:51,frame_0052.jpg,"By just typing \{{}slash} set home, you can set a home and shortly I'll be showing."
53,52.00,00:00:52,frame_0053.jpg,"By just typing \{{}slash} set home, you can set a home and shortly I'll be showing."
54,53.00,00:00:53,frame_0054.jpg,"By just typing \{{}slash} set home, you can set a home and shortly I'll be showing."
55,54.00,00:00:54,frame_0055.jpg,"set a home and shortly I'll be showing. And as you type in \{{}slash} homes, enter."
56,55.00,00:00:55,frame_0056.jpg,"set a home and shortly I'll be showing. And as you type in \{{}slash} homes, enter."
57,56.00,00:00:56,frame_0057.jpg,"set a home and shortly I'll be showing. And as you type in \{{}slash} homes, enter."
58,57.00,00:00:57,frame_0058.jpg,"set a home and shortly I'll be showing. And as you type in \{{}slash} homes, enter."
59,58.00,00:00:58,frame_0059.jpg,"And as you type in \{{}slash} homes, enter. And you click on the home. Well, you"
60,59.00,00:00:59,frame_0060.jpg,"And you click on the home. Well, you should have home one but I have home two"
61,60.00,00:01:00,frame_0061.jpg,"And you click on the home. Well, you should have home one but I have home two"
62,61.00,00:01:01,frame_0062.jpg,should have home one but I have home two because the first one is another home
63,62.00,00:01:02,frame_0063.jpg,should have home one but I have home two because the first one is another home
64,63.00,00:01:03,frame_0064.jpg,because the first one is another home that I have. And if you click on it you
65,64.00,00:01:04,frame_0065.jpg,that I have. And if you click on it you can see these different options to
66,65.00,00:01:05,frame_0066.jpg,can see these different options to change icon. You can just change it if
67,66.00,00:01:06,frame_0067.jpg,can see these different options to change icon. You can just change it if
68,67.00,00:01:07,frame_0068.jpg,change icon. You can just change it if you want but it doesn't really matter.
69,68.00,00:01:08,frame_0069.jpg,change icon. You can just change it if you want but it doesn't really matter.
70,69.00,00:01:09,frame_0070.jpg,you want but it doesn't really matter. Delete it if you want to delete it. And
71,70.00,00:01:10,frame_0071.jpg,you want but it doesn't really matter. Delete it if you want to delete it. And
72,71.00,00:01:11,frame_0072.jpg,"Delete it if you want to delete it. And you can rename it. And as you can see, I"
73,72.00,00:01:12,frame_0073.jpg,"you can rename it. And as you can see, I just rename it to rock. Yeah. And then"
74,73.00,00:01:13,frame_0074.jpg,"you can rename it. And as you can see, I just rename it to rock. Yeah. And then"
75,74.00,00:01:14,frame_0075.jpg,"you can rename it. And as you can see, I just rename it to rock. Yeah. And then"
76,75.00,00:01:15,frame_0076.jpg,"you can rename it. And as you can see, I just rename it to rock. Yeah. And then"
77,76.00,00:01:16,frame_0077.jpg,just rename it to rock. Yeah. And then you can just teleport to it.
78,77.00,00:01:17,frame_0078.jpg,you can just teleport to it. And then you'll see that um
79,78.00,00:01:18,frame_0079.jpg,you can just teleport to it. And then you'll see that um
80,79.00,00:01:19,frame_0080.jpg,And then you'll see that um uh I'll be teleported to the obsidian.
81,80.00,00:01:20,frame_0081.jpg,And then you'll see that um uh I'll be teleported to the obsidian.
82,81.00,00:01:21,frame_0082.jpg,uh I'll be teleported to the obsidian. And you can do this from any point over
83,82.00,00:01:22,frame_0083.jpg,"And you can do this from any point over the world. So if you were to RTP, go"
84,83.00,00:01:23,frame_0084.jpg,"And you can do this from any point over the world. So if you were to RTP, go"
85,84.00,00:01:24,frame_0085.jpg,"And you can do this from any point over the world. So if you were to RTP, go"
86,85.00,00:01:25,frame_0086.jpg,"the world. So if you were to RTP, go diamond mining or something then you"
87,86.00,00:01:26,frame_0087.jpg,"diamond mining or something then you can. Anyways, the next command is the"
88,87.00,00:01:27,frame_0088.jpg,"diamond mining or something then you can. Anyways, the next command is the"
89,88.00,00:01:28,frame_0089.jpg,"can. Anyways, the next command is the pay. This is if you want to pay a friend"
90,89.00,00:01:29,frame_0090.jpg,"can. Anyways, the next command is the pay. This is if you want to pay a friend"
91,90.00,00:01:30,frame_0091.jpg,pay. This is if you want to pay a friend or something money. So you just do
92,91.00,00:01:31,frame_0092.jpg,or something money. So you just do \{{}slash} pay and their name. \{{}Slash} sell
93,92.00,00:01:32,frame_0093.jpg,or something money. So you just do \{{}slash} pay and their name. \{{}Slash} sell
94,93.00,00:01:33,frame_0094.jpg,or something money. So you just do \{{}slash} pay and their name. \{{}Slash} sell
95,94.00,00:01:34,frame_0095.jpg,"\{{}slash} pay and their name. \{{}Slash} sell is whatever you put in the sell menu,"
96,95.00,00:01:35,frame_0096.jpg,"\{{}slash} pay and their name. \{{}Slash} sell is whatever you put in the sell menu,"
97,96.00,00:01:36,frame_0097.jpg,"\{{}slash} pay and their name. \{{}Slash} sell is whatever you put in the sell menu,"
98,97.00,00:01:37,frame_0098.jpg,"is whatever you put in the sell menu, you can sell for a little bit of cash."
99,98.00,00:01:38,frame_0099.jpg,"is whatever you put in the sell menu, you can sell for a little bit of cash."
100,99.00,00:01:39,frame_0100.jpg,you can sell for a little bit of cash. This is useful if you want to just get
101,100.00,00:01:40,frame_0101.jpg,This is useful if you want to just get rid of something for a little bit of
102,101.00,00:01:41,frame_0102.jpg,rid of something for a little bit of extra cash.
103,102.00,00:01:42,frame_0103.jpg,"extra cash. All right, I had to get away from that"
104,103.00,00:01:43,frame_0104.jpg,"extra cash. All right, I had to get away from that"
105,104.00,00:01:44,frame_0105.jpg,"All right, I had to get away from that zombie. But anyways,"
106,105.00,00:01:45,frame_0106.jpg,"All right, I had to get away from that zombie. But anyways,"
107,106.00,00:01:46,frame_0107.jpg,"zombie. But anyways, next up is the auction. By entering"
108,107.00,00:01:47,frame_0108.jpg,"zombie. But anyways, next up is the auction. By entering"
109,108.00,00:01:48,frame_0109.jpg,next up is the auction. By entering \{{}slash} ah ah ah or you can just do
110,109.00,00:01:49,frame_0110.jpg,next up is the auction. By entering \{{}slash} ah ah ah or you can just do
111,110.00,00:01:50,frame_0111.jpg,"\{{}slash} ah ah ah or you can just do \{{}slash} auction,"
112,111.00,00:01:51,frame_0112.jpg,"\{{}slash} auction, it doesn't matter. You'll get here. If"
113,112.00,00:01:52,frame_0113.jpg,"\{{}slash} auction, it doesn't matter. You'll get here. If"
114,113.00,00:01:53,frame_0114.jpg,"it doesn't matter. You'll get here. If you go in the search menu, you can"
115,114.00,00:01:54,frame_0115.jpg,"you go in the search menu, you can search up whatever you want. For"
116,115.00,00:01:55,frame_0116.jpg,"search up whatever you want. For example, diamond and you see these"
117,116.00,00:01:56,frame_0117.jpg,"search up whatever you want. For example, diamond and you see these"
118,117.00,00:01:57,frame_0118.jpg,"example, diamond and you see these options."
119,118.00,00:01:58,frame_0119.jpg,"example, diamond and you see these options."
120,119.00,00:01:59,frame_0120.jpg,options. And now this is the filter. You can
121,120.00,00:02:00,frame_0121.jpg,"And now this is the filter. You can change it from lowest price, highest,"
122,121.00,00:02:01,frame_0122.jpg,"change it from lowest price, highest, and recently listed. Just keep on"
123,122.00,00:02:02,frame_0123.jpg,"change it from lowest price, highest, and recently listed. Just keep on"
124,123.00,00:02:03,frame_0124.jpg,and recently listed. Just keep on lowest. That's the most useful.
125,124.00,00:02:04,frame_0125.jpg,and recently listed. Just keep on lowest. That's the most useful.
126,125.00,00:02:05,frame_0126.jpg,lowest. That's the most useful. And yeah.
127,126.00,00:02:06,frame_0127.jpg,lowest. That's the most useful. And yeah.
128,127.00,00:02:07,frame_0128.jpg,lowest. That's the most useful. And yeah.
129,128.00,00:02:08,frame_0129.jpg,
130,129.00,00:02:09,frame_0130.jpg,
131,130.00,00:02:10,frame_0131.jpg,Now this is your items. Now your items you could put on auction for whatever
132,131.00,00:02:11,frame_0132.jpg,Now this is your items. Now your items you could put on auction for whatever
133,132.00,00:02:12,frame_0133.jpg,Now this is your items. Now your items you could put on auction for whatever
134,133.00,00:02:13,frame_0134.jpg,you could put on auction for whatever amount you want. And you can see I'm
135,134.00,00:02:14,frame_0135.jpg,amount you want. And you can see I'm going to put in like
136,135.00,00:02:15,frame_0136.jpg,"going to put in like two dirt. Wait, I put in the wrong"
137,136.00,00:02:16,frame_0137.jpg,"two dirt. Wait, I put in the wrong section. Yeah, okay, there we go."
138,137.00,00:02:17,frame_0138.jpg,"two dirt. Wait, I put in the wrong section. Yeah, okay, there we go."
139,138.00,00:02:18,frame_0139.jpg,"two dirt. Wait, I put in the wrong section. Yeah, okay, there we go."
140,139.00,00:02:19,frame_0140.jpg,"two dirt. Wait, I put in the wrong section. Yeah, okay, there we go."
141,140.00,00:02:20,frame_0141.jpg,"two dirt. Wait, I put in the wrong section. Yeah, okay, there we go."
142,141.00,00:02:21,frame_0142.jpg,
143,142.00,00:02:22,frame_0143.jpg,
144,143.00,00:02:23,frame_0144.jpg,And you just type in the price and confirm if you want to sell it. That
145,144.00,00:02:24,frame_0145.jpg,And you just type in the price and confirm if you want to sell it. That
146,145.00,00:02:25,frame_0146.jpg,and confirm if you want to sell it. That was just a
147,146.00,00:02:26,frame_0147.jpg,was just a test. I I didn't understand this. I
148,147.00,00:02:27,frame_0148.jpg,was just a test. I I didn't understand this. I
149,148.00,00:02:28,frame_0149.jpg,test. I I didn't understand this. I didn't sell it for 172.
150,149.00,00:02:29,frame_0150.jpg,test. I I didn't understand this. I didn't sell it for 172.
151,150.00,00:02:30,frame_0151.jpg,didn't sell it for 172. But I think it was just a quick sell.
152,151.00,00:02:31,frame_0152.jpg,didn't sell it for 172. But I think it was just a quick sell.
153,152.00,00:02:32,frame_0153.jpg,didn't sell it for 172. But I think it was just a quick sell.
154,153.00,00:02:33,frame_0154.jpg,"But I think it was just a quick sell. Anyways, next up is the slash orders."
155,154.00,00:02:34,frame_0155.jpg,"But I think it was just a quick sell. Anyways, next up is the slash orders."
156,155.00,00:02:35,frame_0156.jpg,"Anyways, next up is the slash orders. This is also like the auction, but this"
157,156.00,00:02:36,frame_0157.jpg,"Anyways, next up is the slash orders. This is also like the auction, but this"
158,157.00,00:02:37,frame_0158.jpg,"This is also like the auction, but this is if you want to like uh make a little"
159,158.00,00:02:38,frame_0159.jpg,"This is also like the auction, but this is if you want to like uh make a little"
160,159.00,00:02:39,frame_0160.jpg,"This is also like the auction, but this is if you want to like uh make a little"
161,160.00,00:02:40,frame_0161.jpg,"is if you want to like uh make a little bit of money. For example, you can see"
162,161.00,00:02:41,frame_0162.jpg,"bit of money. For example, you can see people selling netherite helmets. Or"
163,162.00,00:02:42,frame_0163.jpg,"bit of money. For example, you can see people selling netherite helmets. Or"
164,163.00,00:02:43,frame_0164.jpg,"people selling netherite helmets. Or above that, there is netherite"
165,164.00,00:02:44,frame_0165.jpg,"people selling netherite helmets. Or above that, there is netherite"
166,165.00,00:02:45,frame_0166.jpg,"above that, there is netherite netherite ancient debris and bones. For"
167,166.00,00:02:46,frame_0167.jpg,"above that, there is netherite netherite ancient debris and bones. For"
168,167.00,00:02:47,frame_0168.jpg,"netherite ancient debris and bones. For example, if you have a bunch of them,"
169,168.00,00:02:48,frame_0169.jpg,"netherite ancient debris and bones. For example, if you have a bunch of them,"
170,169.00,00:02:49,frame_0170.jpg,"example, if you have a bunch of them, you can sell it to them. They get the"
171,170.00,00:02:50,frame_0171.jpg,you can sell it to them. They get the item and they pay you. So it's like
172,171.00,00:02:51,frame_0172.jpg,you can sell it to them. They get the item and they pay you. So it's like
173,172.00,00:02:52,frame_0173.jpg,item and they pay you. So it's like you're fulfilling their order.
174,173.00,00:02:53,frame_0174.jpg,item and they pay you. So it's like you're fulfilling their order.
175,174.00,00:02:54,frame_0175.jpg,"you're fulfilling their order. And as you can see, they pay $117.50"
176,175.00,00:02:55,frame_0176.jpg,"you're fulfilling their order. And as you can see, they pay $117.50"
177,176.00,00:02:56,frame_0177.jpg,"you're fulfilling their order. And as you can see, they pay $117.50"
178,177.00,00:02:57,frame_0178.jpg,"And as you can see, they pay $117.50 each. So you can make money doing this"
179,178.00,00:02:58,frame_0179.jpg,"And as you can see, they pay $117.50 each. So you can make money doing this"
180,179.00,00:02:59,frame_0180.jpg,each. So you can make money doing this way if you make a bone farm or
181,180.00,00:03:00,frame_0181.jpg,way if you make a bone farm or something. And you can change your
182,181.00,00:03:01,frame_0182.jpg,something. And you can change your filter again. And um
183,182.00,00:03:02,frame_0183.jpg,something. And you can change your filter again. And um
184,183.00,00:03:03,frame_0184.jpg,something. And you can change your filter again. And um
185,184.00,00:03:04,frame_0185.jpg,"filter again. And um yeah, this is a way to fill people's"
186,185.00,00:03:05,frame_0186.jpg,"yeah, this is a way to fill people's orders and earn money. Anyways, this is"
187,186.00,00:03:06,frame_0187.jpg,"yeah, this is a way to fill people's orders and earn money. Anyways, this is"
188,187.00,00:03:07,frame_0188.jpg,"orders and earn money. Anyways, this is the option to make your own order. If"
189,188.00,00:03:08,frame_0189.jpg,"orders and earn money. Anyways, this is the option to make your own order. If"
190,189.00,00:03:09,frame_0190.jpg,the option to make your own order. If you want an item and you're willing to
191,190.00,00:03:10,frame_0191.jpg,the option to make your own order. If you want an item and you're willing to
192,191.00,00:03:11,frame_0192.jpg,"you want an item and you're willing to pay people. For example, you can see"
193,192.00,00:03:12,frame_0193.jpg,"pay people. For example, you can see I'll put in a totem. But wait, I I got a"
194,193.00,00:03:13,frame_0194.jpg,"pay people. For example, you can see I'll put in a totem. But wait, I I got a"
195,194.00,00:03:14,frame_0195.jpg,"pay people. For example, you can see I'll put in a totem. But wait, I I got a"
196,195.00,00:03:15,frame_0196.jpg,"pay people. For example, you can see I'll put in a totem. But wait, I I got a"
197,196.00,00:03:16,frame_0197.jpg,"I'll put in a totem. But wait, I I got a little bit confused in this part."
198,197.00,00:03:17,frame_0198.jpg,"I'll put in a totem. But wait, I I got a little bit confused in this part."
199,198.00,00:03:18,frame_0199.jpg,"I'll put in a totem. But wait, I I got a little bit confused in this part."
200,199.00,00:03:19,frame_0200.jpg,
201,200.00,00:03:20,frame_0201.jpg,
202,201.00,00:03:21,frame_0202.jpg,"Yeah, I do put it for a dollar. I I know this is um you setting up an order."
203,202.00,00:03:22,frame_0203.jpg,"Yeah, I do put it for a dollar. I I know this is um you setting up an order."
204,203.00,00:03:23,frame_0204.jpg,"Yeah, I do put it for a dollar. I I know this is um you setting up an order."
205,204.00,00:03:24,frame_0205.jpg,this is um you setting up an order. And I'd be paying people a dollar for a
206,205.00,00:03:25,frame_0206.jpg,this is um you setting up an order. And I'd be paying people a dollar for a
207,206.00,00:03:26,frame_0207.jpg,"And I'd be paying people a dollar for a totem, which is not worth it. But"
208,207.00,00:03:27,frame_0208.jpg,"totem, which is not worth it. But anyways, it's just to show how it works."
209,208.00,00:03:28,frame_0209.jpg,"totem, which is not worth it. But anyways, it's just to show how it works."
210,209.00,00:03:29,frame_0210.jpg,"totem, which is not worth it. But anyways, it's just to show how it works."
211,210.00,00:03:30,frame_0211.jpg,"anyways, it's just to show how it works. And now, this is the orders. And I'm"
212,211.00,00:03:31,frame_0212.jpg,"anyways, it's just to show how it works. And now, this is the orders. And I'm"
213,212.00,00:03:32,frame_0213.jpg,"And now, this is the orders. And I'm going to show how you can um fulfill an"
214,213.00,00:03:33,frame_0214.jpg,"And now, this is the orders. And I'm going to show how you can um fulfill an"
215,214.00,00:03:34,frame_0215.jpg,"going to show how you can um fulfill an order by clicking on an item,"
216,215.00,00:03:35,frame_0216.jpg,"going to show how you can um fulfill an order by clicking on an item,"
217,216.00,00:03:36,frame_0217.jpg,"order by clicking on an item, placing in your item in the menu, and"
218,217.00,00:03:37,frame_0218.jpg,"order by clicking on an item, placing in your item in the menu, and"
219,218.00,00:03:38,frame_0219.jpg,"placing in your item in the menu, and confirming, you can just escape the"
220,219.00,00:03:39,frame_0220.jpg,"placing in your item in the menu, and confirming, you can just escape the"
221,220.00,00:03:40,frame_0221.jpg,"confirming, you can just escape the menu, and then the next one will come"
222,221.00,00:03:41,frame_0222.jpg,"menu, and then the next one will come up."
223,222.00,00:03:42,frame_0223.jpg,"up. You confirm,"
224,223.00,00:03:43,frame_0224.jpg,"You confirm, and just wait."
225,224.00,00:03:44,frame_0225.jpg,"You confirm, and just wait."
226,225.00,00:03:45,frame_0226.jpg,"You confirm, and just wait."
227,226.00,00:03:46,frame_0227.jpg,and just wait. There.
228,227.00,00:03:47,frame_0228.jpg,There. You receive the money and they got the
229,228.00,00:03:48,frame_0229.jpg,You receive the money and they got the totem if you fill their order.
230,229.00,00:03:49,frame_0230.jpg,You receive the money and they got the totem if you fill their order.
231,230.00,00:03:50,frame_0231.jpg,You receive the money and they got the totem if you fill their order.
232,231.00,00:03:51,frame_0232.jpg,"totem if you fill their order. Next up,"
233,232.00,00:03:52,frame_0233.jpg,"totem if you fill their order. Next up,"
234,233.00,00:03:53,frame_0234.jpg,"Next up, we have the settings option. This is"
235,234.00,00:03:54,frame_0235.jpg,"Next up, we have the settings option. This is"
236,235.00,00:03:55,frame_0236.jpg,we have the settings option. This is just to show you that um there's
237,236.00,00:03:56,frame_0237.jpg,we have the settings option. This is just to show you that um there's
238,237.00,00:03:57,frame_0238.jpg,"just to show you that um there's different settings like chat, PvP,"
239,238.00,00:03:58,frame_0239.jpg,"different settings like chat, PvP, privacy, and so on."
240,239.00,00:03:59,frame_0240.jpg,"different settings like chat, PvP, privacy, and so on."
241,240.00,00:04:00,frame_0241.jpg,"privacy, and so on. Uh you just do this by uh typing in"
242,241.00,00:04:01,frame_0242.jpg,Uh you just do this by uh typing in \{{}slash} settings in the chat. And you
243,242.00,00:04:02,frame_0243.jpg,Uh you just do this by uh typing in \{{}slash} settings in the chat. And you
244,243.00,00:04:03,frame_0244.jpg,"\{{}slash} settings in the chat. And you can see my chat is off, and I turn it on"
245,244.00,00:04:04,frame_0245.jpg,"\{{}slash} settings in the chat. And you can see my chat is off, and I turn it on"
246,245.00,00:04:05,frame_0246.jpg,"can see my chat is off, and I turn it on just to show you how it works. Now you"
247,246.00,00:04:06,frame_0247.jpg,just to show you how it works. Now you can see that uh it chat is very annoying
248,247.00,00:04:07,frame_0248.jpg,just to show you how it works. Now you can see that uh it chat is very annoying
249,248.00,00:04:08,frame_0249.jpg,can see that uh it chat is very annoying cuz it covers your screen. It can be
250,249.00,00:04:09,frame_0250.jpg,cuz it covers your screen. It can be very distracting. So if
251,250.00,00:04:10,frame_0251.jpg,cuz it covers your screen. It can be very distracting. So if
252,251.00,00:04:11,frame_0252.jpg,very distracting. So if I'm going to uh type in \{{}slash} settings
253,252.00,00:04:12,frame_0253.jpg,"I'm going to uh type in \{{}slash} settings again, click chat, disable public chat."
254,253.00,00:04:13,frame_0254.jpg,"I'm going to uh type in \{{}slash} settings again, click chat, disable public chat."
255,254.00,00:04:14,frame_0255.jpg,"I'm going to uh type in \{{}slash} settings again, click chat, disable public chat."
256,255.00,00:04:15,frame_0256.jpg,"again, click chat, disable public chat. Just give it a minute. Or a few seconds."
257,256.00,00:04:16,frame_0257.jpg,"again, click chat, disable public chat. Just give it a minute. Or a few seconds."
258,257.00,00:04:17,frame_0258.jpg,"again, click chat, disable public chat. Just give it a minute. Or a few seconds."
259,258.00,00:04:18,frame_0259.jpg,"again, click chat, disable public chat. Just give it a minute. Or a few seconds."
260,259.00,00:04:19,frame_0260.jpg,"again, click chat, disable public chat. Just give it a minute. Or a few seconds."
261,260.00,00:04:20,frame_0261.jpg,"again, click chat, disable public chat. Just give it a minute. Or a few seconds."
262,261.00,00:04:21,frame_0262.jpg,
263,262.00,00:04:22,frame_0263.jpg,
264,263.00,00:04:23,frame_0264.jpg,"Any second now. And there you go, it disappears."
265,264.00,00:04:24,frame_0265.jpg,"Any second now. And there you go, it disappears."
266,265.00,00:04:25,frame_0266.jpg,"And there you go, it disappears. Next up are just some other smaller"
267,266.00,00:04:26,frame_0267.jpg,"And there you go, it disappears. Next up are just some other smaller"
268,267.00,00:04:27,frame_0268.jpg,Next up are just some other smaller commands. They're not really that
269,268.00,00:04:28,frame_0269.jpg,"commands. They're not really that useful, but if you can do \{{}slash} msg"
270,269.00,00:04:29,frame_0270.jpg,"commands. They're not really that useful, but if you can do \{{}slash} msg"
271,270.00,00:04:30,frame_0271.jpg,"useful, but if you can do \{{}slash} msg and then uh whatever is their name, and"
272,271.00,00:04:31,frame_0272.jpg,"useful, but if you can do \{{}slash} msg and then uh whatever is their name, and"
273,272.00,00:04:32,frame_0273.jpg,"and then uh whatever is their name, and it privately messages them. You can just"
274,273.00,00:04:33,frame_0274.jpg,"and then uh whatever is their name, and it privately messages them. You can just"
275,274.00,00:04:34,frame_0275.jpg,"it privately messages them. You can just put hi. Oh, you can see that they don't"
276,275.00,00:04:35,frame_0276.jpg,"it privately messages them. You can just put hi. Oh, you can see that they don't"
277,276.00,00:04:36,frame_0277.jpg,"put hi. Oh, you can see that they don't accept um messages from strangers."
278,277.00,00:04:37,frame_0278.jpg,"put hi. Oh, you can see that they don't accept um messages from strangers."
279,278.00,00:04:38,frame_0279.jpg,"put hi. Oh, you can see that they don't accept um messages from strangers."
280,279.00,00:04:39,frame_0280.jpg,"accept um messages from strangers. Anyways, \{{}slash} ignore is if you want"
281,280.00,00:04:40,frame_0281.jpg,"accept um messages from strangers. Anyways, \{{}slash} ignore is if you want"
282,281.00,00:04:41,frame_0282.jpg,"Anyways, \{{}slash} ignore is if you want to ignore someone. That means they won't"
283,282.00,00:04:42,frame_0283.jpg,to ignore someone. That means they won't be able to send you messages or teleport
284,283.00,00:04:43,frame_0284.jpg,to ignore someone. That means they won't be able to send you messages or teleport
285,284.00,00:04:44,frame_0285.jpg,to ignore someone. That means they won't be able to send you messages or teleport
286,285.00,00:04:45,frame_0286.jpg,be able to send you messages or teleport requests.
287,286.00,00:04:46,frame_0287.jpg,"requests. And yeah, someone's being annoying, just"
288,287.00,00:04:47,frame_0288.jpg,"requests. And yeah, someone's being annoying, just"
289,288.00,00:04:48,frame_0289.jpg,"And yeah, someone's being annoying, just block them or ignore them"
290,289.00,00:04:49,frame_0290.jpg,"And yeah, someone's being annoying, just block them or ignore them"
291,290.00,00:04:50,frame_0291.jpg,block them or ignore them by doing \{{}slash} ignore.
292,291.00,00:04:51,frame_0292.jpg,block them or ignore them by doing \{{}slash} ignore.
293,292.00,00:04:52,frame_0293.jpg,"by doing \{{}slash} ignore. And yeah, anyways, that's it."
294,293.00,00:04:53,frame_0294.jpg,"by doing \{{}slash} ignore. And yeah, anyways, that's it."
295,294.00,00:04:54,frame_0295.jpg,"And yeah, anyways, that's it. And yeah, if you find this video useful,"
296,295.00,00:04:55,frame_0296.jpg,"And yeah, if you find this video useful, please like and subscribe. And yeah."
297,296.00,00:04:56,frame_0297.jpg,"And yeah, if you find this video useful, please like and subscribe. And yeah."
298,297.00,00:04:57,frame_0298.jpg,"And yeah, if you find this video useful, please like and subscribe. And yeah."
299,298.00,00:04:58,frame_0299.jpg,
300,299.00,00:04:59,frame_0300.jpg,
301,300.00,00:05:00,frame_0301.jpg,
302,301.00,00:05:01,frame_0302.jpg,
303,302.00,00:05:02,frame_0303.jpg,
304,303.00,00:05:03,frame_0304.jpg,
305,304.00,00:05:04,frame_0305.jpg,
